-- phpMyAdmin SQL Dump
-- version 4.5.1
-- http://www.phpmyadmin.net
--
-- Servidor: 127.0.0.1
-- Tiempo de generación: 21-03-2018 a las 17:22:39
-- Versión del servidor: 10.1.16-MariaDB
-- Versión de PHP: 5.6.24

SET SQL_MODE = "NO_AUTO_VALUE_ON_ZERO";
SET time_zone = "+00:00";


/*!40101 SET @OLD_CHARACTER_SET_CLIENT=@@CHARACTER_SET_CLIENT */;
/*!40101 SET @OLD_CHARACTER_SET_RESULTS=@@CHARACTER_SET_RESULTS */;
/*!40101 SET @OLD_COLLATION_CONNECTION=@@COLLATION_CONNECTION */;
/*!40101 SET NAMES utf8mb4 */;

--
-- Base de datos: `admintags`
--

-- --------------------------------------------------------

--
-- Estructura de tabla para la tabla `areas`
--

CREATE TABLE `areas` (
  `id` int(10) UNSIGNED NOT NULL,
  `nombre` varchar(255) CHARACTER SET utf8 COLLATE utf8_unicode_ci NOT NULL,
  `created_at` timestamp NULL DEFAULT '0000-00-00 00:00:00',
  `updated_at` timestamp NULL DEFAULT '0000-00-00 00:00:00'
) ENGINE=InnoDB DEFAULT CHARSET=utf8;

--
-- Volcado de datos para la tabla `areas`
--

INSERT INTO `areas` (`id`, `nombre`, `created_at`, `updated_at`) VALUES
(1, 'ADMINISTRACION Y FINANZAS', '2017-07-13 05:00:00', '2017-07-13 05:00:00'),
(2, 'ALIANZAS', '2017-07-13 05:00:00', '2017-07-13 05:00:00'),
(3, 'COBRANZA', '2017-07-13 05:00:00', '2017-07-13 05:00:00'),
(4, 'CONTABILIDAD', '2017-07-13 05:00:00', '2017-07-13 05:00:00'),
(5, 'CONTRALORIA', '2017-07-13 05:00:00', '2017-07-13 05:00:00'),
(6, 'CONTRATOS', '2017-07-13 05:00:00', '2017-07-13 05:00:00'),
(7, 'CREDITO EMPRESARIAL', '2017-07-13 05:00:00', '2017-07-13 05:00:00'),
(8, 'CREDITO PROCAAR', '2017-07-13 05:00:00', '2017-07-13 05:00:00'),
(9, 'CUENTAS POR PAGAR', '2017-07-13 05:00:00', '2017-07-13 05:00:00'),
(10, 'DESARROLLO DE SOFTWARE', '2017-07-13 05:00:00', '2017-07-13 05:00:00'),
(11, 'EMPRESARIAL', '2017-07-13 05:00:00', '2017-07-13 05:00:00'),
(12, 'FACTURACION', '2017-07-13 05:00:00', '2017-07-13 05:00:00'),
(13, 'FONDEO', '2017-07-13 05:00:00', '2017-07-13 05:00:00'),
(14, 'INFRAESTRUCTURA', '2017-07-13 05:00:00', '2017-07-13 05:00:00'),
(15, 'LOGISTICA', '2017-07-13 05:00:00', '2017-07-13 05:00:00'),
(16, 'MESA DE CONTROL', '2017-07-13 05:00:00', '2017-07-13 05:00:00'),
(17, 'OPERACIONES', '2017-07-13 05:00:00', '2017-07-13 05:00:00'),
(18, 'PRESIDENCIA', '2017-07-13 05:00:00', '2017-07-13 05:00:00'),
(19, 'PRESIDENCIA GENERAL', '2017-07-13 05:00:00', '2017-07-13 05:00:00'),
(20, 'PROCAAR', '2017-07-13 05:00:00', '2017-07-13 05:00:00'),
(21, 'PROMOCION', '2017-07-13 05:00:00', '2017-07-13 05:00:00'),
(22, 'PROMOCION EMPRESARIAL', '2017-07-13 05:00:00', '2017-07-13 05:00:00'),
(23, 'PROMOCION PROCAAR', '2017-07-13 05:00:00', '2017-07-13 05:00:00'),
(24, 'RECUPERACION ESPECIAL', '2017-07-13 05:00:00', '2017-07-13 05:00:00'),
(25, 'RECURSOS HUMANOS', '2017-07-13 05:00:00', '2017-07-13 05:00:00'),
(26, 'RIESGO', '2017-07-13 05:00:00', '2017-07-13 05:00:00'),
(27, 'SERVICIOS GENERALES', '2017-07-13 05:00:00', '2017-07-13 05:00:00'),
(28, 'SISTEMAS', '2017-07-13 05:00:00', '2017-07-13 05:00:00'),
(29, 'DIRECCION GENERAL', '0000-00-00 00:00:00', '0000-00-00 00:00:00'),
(30, 'TECNOLOGIAS DE LA INFORMACION', '0000-00-00 00:00:00', '0000-00-00 00:00:00'),
(31, '', '2017-10-25 20:42:00', '0000-00-00 00:00:00');

-- --------------------------------------------------------

--
-- Estructura de tabla para la tabla `areas_grupo_areas`
--

CREATE TABLE `areas_grupo_areas` (
  `id` int(10) UNSIGNED NOT NULL,
  `id_grupos_areas` int(11) NOT NULL,
  `id_areas` int(11) NOT NULL,
  `created_at` timestamp NOT NULL DEFAULT '0000-00-00 00:00:00',
  `updated_at` timestamp NOT NULL DEFAULT '0000-00-00 00:00:00'
) ENGINE=InnoDB DEFAULT CHARSET=utf8;

--
-- Volcado de datos para la tabla `areas_grupo_areas`
--

INSERT INTO `areas_grupo_areas` (`id`, `id_grupos_areas`, `id_areas`, `created_at`, `updated_at`) VALUES
(1, 1, 1, '2017-07-13 05:00:00', '2017-07-13 05:00:00'),
(2, 1, 4, '2017-07-13 05:00:00', '2017-07-13 05:00:00'),
(3, 1, 5, '2017-07-13 05:00:00', '2017-07-13 05:00:00'),
(4, 1, 9, '2017-07-13 05:00:00', '2017-07-13 05:00:00'),
(5, 1, 25, '2017-07-13 05:00:00', '2017-07-13 05:00:00'),
(6, 1, 27, '2017-07-13 05:00:00', '2017-07-13 05:00:00'),
(7, 2, 18, '2017-07-13 05:00:00', '2017-07-13 05:00:00'),
(8, 1, 13, '2017-07-13 05:00:00', '2017-07-13 05:00:00'),
(9, 1, 3, '2017-07-13 05:00:00', '2017-07-13 05:00:00'),
(10, 1, 6, '2017-07-13 05:00:00', '2017-07-13 05:00:00'),
(11, 1, 12, '2017-07-13 05:00:00', '2017-07-13 05:00:00'),
(12, 1, 15, '2017-07-13 05:00:00', '2017-07-13 05:00:00'),
(13, 1, 16, '2017-07-13 05:00:00', '2017-07-13 05:00:00'),
(14, 1, 17, '2017-07-13 05:00:00', '2017-07-13 05:00:00'),
(15, 1, 21, '2017-07-13 05:00:00', '2017-07-13 05:00:00'),
(16, 1, 22, '2017-07-13 05:00:00', '2017-07-13 05:00:00'),
(17, 3, 2, '2017-07-13 05:00:00', '2017-07-13 05:00:00'),
(18, 3, 23, '2017-07-13 05:00:00', '2017-07-13 05:00:00'),
(19, 1, 24, '2017-07-13 05:00:00', '2017-07-13 05:00:00'),
(20, 1, 7, '2017-07-13 05:00:00', '2017-07-13 05:00:00'),
(21, 1, 8, '2017-07-13 05:00:00', '2017-07-13 05:00:00'),
(22, 1, 26, '2017-07-13 05:00:00', '2017-07-13 05:00:00'),
(23, 1, 14, '2017-07-13 05:00:00', '2017-07-13 05:00:00'),
(24, 1, 10, '2017-07-13 05:00:00', '2017-07-13 05:00:00'),
(25, 1, 11, '2017-07-13 05:00:00', '2017-07-13 05:00:00'),
(26, 1, 19, '2017-07-13 05:00:00', '2017-07-13 05:00:00'),
(27, 1, 20, '2017-07-13 05:00:00', '2017-07-13 05:00:00'),
(28, 1, 28, '2017-07-13 05:00:00', '2017-07-13 05:00:00'),
(29, 1, 29, '0000-00-00 00:00:00', '0000-00-00 00:00:00'),
(30, 1, 30, '0000-00-00 00:00:00', '0000-00-00 00:00:00'),
(31, 1, 31, '2017-10-25 20:42:00', '0000-00-00 00:00:00');

-- --------------------------------------------------------

--
-- Estructura de tabla para la tabla `cat_empresas`
--

CREATE TABLE `cat_empresas` (
  `id` int(10) UNSIGNED NOT NULL,
  `nombre` varchar(255) COLLATE utf8mb4_unicode_ci NOT NULL,
  `domicilio` varchar(255) COLLATE utf8mb4_unicode_ci NOT NULL,
  `telefono` varchar(255) COLLATE utf8mb4_unicode_ci NOT NULL,
  `Razon Social` varchar(255) COLLATE utf8mb4_unicode_ci NOT NULL,
  `RFC` varchar(255) COLLATE utf8mb4_unicode_ci NOT NULL,
  `created_at` timestamp NULL DEFAULT NULL,
  `updated_at` timestamp NULL DEFAULT NULL
) ENGINE=InnoDB DEFAULT CHARSET=utf8mb4 COLLATE=utf8mb4_unicode_ci;

--
-- Volcado de datos para la tabla `cat_empresas`
--

INSERT INTO `cat_empresas` (`id`, `nombre`, `domicilio`, `telefono`, `Razon Social`, `RFC`, `created_at`, `updated_at`) VALUES
(1, 'Cuarto de kilo', 'Reforma 3423', '33232322', 'Cuarto de kilo SA de CV', 'GAAFASFDF989', NULL, NULL);

-- --------------------------------------------------------

--
-- Estructura de tabla para la tabla `company_records`
--

CREATE TABLE `company_records` (
  `id` int(10) UNSIGNED NOT NULL,
  `custom_id` varchar(255) COLLATE utf8_unicode_ci NOT NULL,
  `name` varchar(255) COLLATE utf8_unicode_ci NOT NULL,
  `record_type` varchar(255) COLLATE utf8_unicode_ci NOT NULL,
  `created_at` timestamp NOT NULL DEFAULT '0000-00-00 00:00:00',
  `updated_at` timestamp NOT NULL DEFAULT '0000-00-00 00:00:00'
) ENGINE=InnoDB DEFAULT CHARSET=utf8 COLLATE=utf8_unicode_ci;

--
-- Volcado de datos para la tabla `company_records`
--

INSERT INTO `company_records` (`id`, `custom_id`, `name`, `record_type`, `created_at`, `updated_at`) VALUES
(1, '01', 'Cuarto de kilo', '', '2018-02-28 06:00:00', '2018-02-28 06:00:00'),
(2, '02', 'Alferza', '', '2018-02-28 06:00:00', '2018-02-28 06:00:00');

-- --------------------------------------------------------

--
-- Estructura de tabla para la tabla `eventos`
--

CREATE TABLE `eventos` (
  `id_evento` int(10) UNSIGNED NOT NULL,
  `id_usuario` int(10) UNSIGNED NOT NULL,
  `descripcion` varchar(255) COLLATE utf8mb4_unicode_ci NOT NULL,
  `fecha_evento` varchar(255) COLLATE utf8mb4_unicode_ci NOT NULL,
  `hora` varchar(255) COLLATE utf8mb4_unicode_ci NOT NULL,
  `cuenta_presupuesto` varchar(255) COLLATE utf8mb4_unicode_ci NOT NULL,
  `num_asistentes` varchar(255) COLLATE utf8mb4_unicode_ci NOT NULL,
  `comentarios` varchar(255) COLLATE utf8mb4_unicode_ci NOT NULL,
  `created_at` timestamp NULL DEFAULT NULL,
  `updated_at` timestamp NULL DEFAULT NULL
) ENGINE=InnoDB DEFAULT CHARSET=utf8mb4 COLLATE=utf8mb4_unicode_ci;

-- --------------------------------------------------------

--
-- Estructura de tabla para la tabla `factores_niveles_puestos`
--

CREATE TABLE `factores_niveles_puestos` (
  `id` int(10) UNSIGNED NOT NULL,
  `id_factor` int(11) NOT NULL,
  `id_nivel_puesto` int(11) NOT NULL,
  `nivel_esperado` int(11) NOT NULL,
  `created_at` timestamp NOT NULL DEFAULT '0000-00-00 00:00:00',
  `updated_at` timestamp NOT NULL DEFAULT '0000-00-00 00:00:00'
) ENGINE=InnoDB DEFAULT CHARSET=utf8 COLLATE=utf8_unicode_ci;

--
-- Volcado de datos para la tabla `factores_niveles_puestos`
--

INSERT INTO `factores_niveles_puestos` (`id`, `id_factor`, `id_nivel_puesto`, `nivel_esperado`, `created_at`, `updated_at`) VALUES
(1, 1, 2, 3, '2017-07-31 05:00:00', '2017-07-31 05:00:00'),
(2, 1, 3, 4, '2017-07-31 05:00:00', '2017-07-31 05:00:00'),
(3, 1, 4, 4, '2017-07-31 05:00:00', '2017-07-31 05:00:00'),
(4, 1, 5, 2, '2017-07-31 05:00:00', '2017-07-31 05:00:00'),
(5, 1, 1, 1, '2017-07-31 05:00:00', '2017-07-31 05:00:00'),
(6, 2, 2, 3, '2017-07-31 05:00:00', '2017-07-31 05:00:00'),
(7, 2, 3, 4, '2017-07-31 05:00:00', '2017-07-31 05:00:00'),
(8, 2, 4, 4, '2017-07-31 05:00:00', '2017-07-31 05:00:00'),
(9, 2, 5, 2, '2017-07-31 05:00:00', '2017-07-31 05:00:00'),
(10, 2, 1, 1, '2017-07-31 05:00:00', '2017-07-31 05:00:00'),
(11, 3, 2, 3, '2017-07-31 05:00:00', '2017-07-31 05:00:00'),
(12, 3, 3, 4, '2017-07-31 05:00:00', '2017-07-31 05:00:00'),
(13, 3, 4, 4, '2017-07-31 05:00:00', '2017-07-31 05:00:00'),
(14, 3, 5, 2, '2017-07-31 05:00:00', '2017-07-31 05:00:00'),
(15, 3, 1, 1, '2017-07-31 05:00:00', '2017-07-31 05:00:00'),
(16, 4, 2, 3, '2017-07-31 05:00:00', '2017-07-31 05:00:00'),
(17, 4, 3, 4, '2017-07-31 05:00:00', '2017-07-31 05:00:00'),
(18, 4, 4, 4, '2017-07-31 05:00:00', '2017-07-31 05:00:00'),
(19, 4, 5, 2, '2017-07-31 05:00:00', '2017-07-31 05:00:00'),
(20, 4, 1, 1, '2017-07-31 05:00:00', '2017-07-31 05:00:00'),
(21, 5, 2, 3, '2017-07-31 05:00:00', '2017-07-31 05:00:00'),
(22, 5, 3, 4, '2017-07-31 05:00:00', '2017-07-31 05:00:00'),
(23, 5, 4, 4, '2017-07-31 05:00:00', '2017-07-31 05:00:00'),
(24, 5, 5, 2, '2017-07-31 05:00:00', '2017-07-31 05:00:00'),
(25, 5, 1, 1, '2017-07-31 05:00:00', '2017-07-31 05:00:00'),
(26, 6, 2, 3, '2017-07-31 05:00:00', '2017-07-31 05:00:00'),
(27, 6, 3, 4, '2017-07-31 05:00:00', '2017-07-31 05:00:00'),
(28, 6, 4, 4, '2017-07-31 05:00:00', '2017-07-31 05:00:00'),
(29, 6, 5, 2, '2017-07-31 05:00:00', '2017-07-31 05:00:00'),
(30, 6, 1, 1, '2017-07-31 05:00:00', '2017-07-31 05:00:00'),
(31, 7, 2, 3, '2017-07-31 05:00:00', '2017-07-31 05:00:00'),
(32, 7, 3, 4, '2017-07-31 05:00:00', '2017-07-31 05:00:00'),
(33, 7, 4, 4, '2017-07-31 05:00:00', '2017-07-31 05:00:00'),
(34, 7, 5, 2, '2017-07-31 05:00:00', '2017-07-31 05:00:00'),
(35, 7, 1, 1, '2017-07-31 05:00:00', '2017-07-31 05:00:00'),
(36, 8, 2, 3, '2017-07-31 05:00:00', '2017-07-31 05:00:00'),
(37, 8, 3, 4, '2017-07-31 05:00:00', '2017-07-31 05:00:00'),
(38, 8, 4, 4, '2017-07-31 05:00:00', '2017-07-31 05:00:00'),
(39, 8, 5, 2, '2017-07-31 05:00:00', '2017-07-31 05:00:00'),
(40, 8, 1, 1, '2017-07-31 05:00:00', '2017-07-31 05:00:00'),
(41, 9, 2, 3, '2017-07-31 05:00:00', '2017-07-31 05:00:00'),
(42, 9, 3, 4, '2017-07-31 05:00:00', '2017-07-31 05:00:00'),
(43, 9, 4, 4, '2017-07-31 05:00:00', '2017-07-31 05:00:00'),
(44, 9, 5, 2, '2017-07-31 05:00:00', '2017-07-31 05:00:00'),
(45, 9, 1, 1, '2017-07-31 05:00:00', '2017-07-31 05:00:00'),
(46, 10, 2, 3, '2017-07-31 05:00:00', '2017-07-31 05:00:00'),
(47, 10, 3, 4, '2017-07-31 05:00:00', '2017-07-31 05:00:00'),
(48, 10, 4, 4, '2017-07-31 05:00:00', '2017-07-31 05:00:00'),
(49, 10, 5, 2, '2017-07-31 05:00:00', '2017-07-31 05:00:00'),
(50, 10, 1, 1, '2017-07-31 05:00:00', '2017-07-31 05:00:00'),
(51, 11, 2, 3, '2017-07-31 05:00:00', '2017-07-31 05:00:00'),
(52, 11, 3, 4, '2017-07-31 05:00:00', '2017-07-31 05:00:00'),
(53, 11, 4, 4, '2017-07-31 05:00:00', '2017-07-31 05:00:00'),
(54, 11, 5, 3, '2017-07-31 05:00:00', '2017-07-31 05:00:00'),
(55, 11, 1, 1, '2017-07-31 05:00:00', '2017-07-31 05:00:00'),
(56, 12, 2, 4, '2017-07-31 05:00:00', '2017-07-31 05:00:00'),
(57, 12, 3, 4, '2017-07-31 05:00:00', '2017-07-31 05:00:00'),
(58, 12, 4, 4, '2017-07-31 05:00:00', '2017-07-31 05:00:00'),
(59, 12, 5, 3, '2017-07-31 05:00:00', '2017-07-31 05:00:00'),
(60, 12, 1, 1, '2017-07-31 05:00:00', '2017-07-31 05:00:00'),
(61, 13, 2, 4, '2017-07-31 05:00:00', '2017-07-31 05:00:00'),
(62, 13, 3, 4, '2017-07-31 05:00:00', '2017-07-31 05:00:00'),
(63, 13, 4, 4, '2017-07-31 05:00:00', '2017-07-31 05:00:00'),
(64, 13, 5, 3, '2017-07-31 05:00:00', '2017-07-31 05:00:00'),
(65, 13, 1, 1, '2017-07-31 05:00:00', '2017-07-31 05:00:00'),
(66, 14, 3, 3, '2017-07-31 05:00:00', '2017-07-31 05:00:00'),
(67, 14, 4, 3, '2017-07-31 05:00:00', '2017-07-31 05:00:00'),
(68, 15, 3, 4, '2017-07-31 05:00:00', '2017-07-31 05:00:00'),
(69, 15, 4, 3, '2017-07-31 05:00:00', '2017-07-31 05:00:00'),
(70, 16, 3, 3, '2017-07-31 05:00:00', '2017-07-31 05:00:00'),
(71, 16, 4, 3, '2017-07-31 05:00:00', '2017-07-31 05:00:00'),
(72, 17, 3, 3, '2017-07-31 05:00:00', '2017-07-31 05:00:00'),
(73, 17, 4, 2, '2017-07-31 05:00:00', '2017-07-31 05:00:00'),
(74, 18, 3, 4, '2017-07-31 05:00:00', '2017-07-31 05:00:00'),
(75, 18, 4, 3, '2017-07-31 05:00:00', '2017-07-31 05:00:00'),
(76, 19, 3, 3, '2017-07-31 05:00:00', '2017-07-31 05:00:00'),
(77, 19, 4, 3, '2017-07-31 05:00:00', '2017-07-31 05:00:00'),
(78, 20, 3, 4, '2017-07-31 05:00:00', '2017-07-31 05:00:00'),
(79, 20, 4, 5, '2017-07-31 05:00:00', '2017-07-31 05:00:00'),
(80, 21, 3, 3, '2017-07-31 05:00:00', '2017-07-31 05:00:00'),
(81, 21, 4, 3, '2017-07-31 05:00:00', '2017-07-31 05:00:00'),
(82, 22, 3, 4, '2017-07-31 05:00:00', '2017-07-31 05:00:00'),
(83, 22, 4, 3, '2017-07-31 05:00:00', '2017-07-31 05:00:00'),
(84, 23, 1, 2, '2017-08-01 05:00:00', '2017-08-01 05:00:00'),
(85, 23, 2, 2, '2017-08-01 05:00:00', '2017-08-01 05:00:00'),
(86, 23, 3, 2, '2017-08-01 05:00:00', '2017-08-01 05:00:00'),
(87, 23, 4, 2, '2017-08-01 05:00:00', '2017-08-01 05:00:00'),
(88, 23, 5, 2, '2017-08-01 05:00:00', '2017-08-01 05:00:00'),
(89, 24, 2, 4, '2017-07-31 05:00:00', '2017-07-31 05:00:00'),
(90, 24, 3, 4, '2017-07-31 05:00:00', '2017-07-31 05:00:00'),
(91, 24, 4, 1, '2017-07-31 05:00:00', '2017-07-31 05:00:00'),
(92, 24, 5, 1, '2017-07-31 05:00:00', '2017-07-31 05:00:00'),
(93, 24, 1, 1, '2017-07-31 05:00:00', '2017-07-31 05:00:00'),
(99, 26, 2, 4, '2017-07-31 05:00:00', '2017-07-31 05:00:00'),
(100, 26, 3, 4, '2017-07-31 05:00:00', '2017-07-31 05:00:00'),
(101, 26, 4, 1, '2017-07-31 05:00:00', '2017-07-31 05:00:00'),
(102, 26, 5, 1, '2017-07-31 05:00:00', '2017-07-31 05:00:00'),
(103, 26, 1, 1, '2017-07-31 05:00:00', '2017-07-31 05:00:00'),
(104, 27, 2, 4, '2017-07-31 05:00:00', '2017-07-31 05:00:00'),
(105, 27, 3, 4, '2017-07-31 05:00:00', '2017-07-31 05:00:00'),
(106, 27, 4, 1, '2017-07-31 05:00:00', '2017-07-31 05:00:00'),
(107, 27, 5, 1, '2017-07-31 05:00:00', '2017-07-31 05:00:00'),
(108, 27, 1, 1, '2017-07-31 05:00:00', '2017-07-31 05:00:00'),
(109, 28, 2, 4, '2017-07-31 05:00:00', '2017-07-31 05:00:00'),
(110, 28, 3, 4, '2017-07-31 05:00:00', '2017-07-31 05:00:00'),
(111, 28, 4, 1, '2017-07-31 05:00:00', '2017-07-31 05:00:00'),
(112, 28, 5, 1, '2017-07-31 05:00:00', '2017-07-31 05:00:00'),
(113, 28, 1, 1, '2017-07-31 05:00:00', '2017-07-31 05:00:00'),
(114, 29, 2, 4, '2017-07-31 05:00:00', '2017-07-31 05:00:00'),
(115, 29, 3, 4, '2017-07-31 05:00:00', '2017-07-31 05:00:00'),
(116, 29, 4, 1, '2017-07-31 05:00:00', '2017-07-31 05:00:00'),
(117, 29, 5, 1, '2017-07-31 05:00:00', '2017-07-31 05:00:00'),
(118, 29, 1, 1, '2017-07-31 05:00:00', '2017-07-31 05:00:00'),
(119, 30, 2, 4, '2017-07-31 05:00:00', '2017-07-31 05:00:00'),
(120, 30, 3, 4, '2017-07-31 05:00:00', '2017-07-31 05:00:00'),
(121, 30, 4, 1, '2017-07-31 05:00:00', '2017-07-31 05:00:00'),
(122, 30, 5, 1, '2017-07-31 05:00:00', '2017-07-31 05:00:00'),
(123, 30, 1, 1, '2017-07-31 05:00:00', '2017-07-31 05:00:00'),
(124, 31, 2, 4, '2017-07-31 05:00:00', '2017-07-31 05:00:00'),
(125, 31, 3, 4, '2017-07-31 05:00:00', '2017-07-31 05:00:00'),
(126, 31, 4, 1, '2017-07-31 05:00:00', '2017-07-31 05:00:00'),
(127, 31, 5, 1, '2017-07-31 05:00:00', '2017-07-31 05:00:00'),
(128, 31, 1, 1, '2017-07-31 05:00:00', '2017-07-31 05:00:00'),
(129, 32, 2, 4, '2017-07-31 05:00:00', '2017-07-31 05:00:00'),
(130, 32, 3, 4, '2017-07-31 05:00:00', '2017-07-31 05:00:00'),
(131, 32, 4, 1, '2017-07-31 05:00:00', '2017-07-31 05:00:00'),
(132, 32, 5, 1, '2017-07-31 05:00:00', '2017-07-31 05:00:00'),
(133, 32, 1, 1, '2017-07-31 05:00:00', '2017-07-31 05:00:00'),
(134, 33, 2, 4, '2017-07-31 05:00:00', '2017-07-31 05:00:00'),
(135, 33, 3, 4, '2017-07-31 05:00:00', '2017-07-31 05:00:00'),
(136, 33, 4, 1, '2017-07-31 05:00:00', '2017-07-31 05:00:00'),
(137, 33, 5, 1, '2017-07-31 05:00:00', '2017-07-31 05:00:00'),
(138, 33, 1, 1, '2017-07-31 05:00:00', '2017-07-31 05:00:00'),
(139, 34, 2, 4, '2017-07-31 05:00:00', '2017-07-31 05:00:00'),
(140, 34, 3, 4, '2017-07-31 05:00:00', '2017-07-31 05:00:00'),
(141, 34, 4, 1, '2017-07-31 05:00:00', '2017-07-31 05:00:00'),
(142, 34, 5, 1, '2017-07-31 05:00:00', '2017-07-31 05:00:00'),
(143, 34, 1, 1, '2017-07-31 05:00:00', '2017-07-31 05:00:00'),
(144, 35, 2, 4, '2017-07-31 05:00:00', '2017-07-31 05:00:00'),
(145, 35, 3, 4, '2017-07-31 05:00:00', '2017-07-31 05:00:00'),
(146, 35, 4, 1, '2017-07-31 05:00:00', '2017-07-31 05:00:00'),
(147, 35, 5, 1, '2017-07-31 05:00:00', '2017-07-31 05:00:00'),
(148, 35, 1, 1, '2017-07-31 05:00:00', '2017-07-31 05:00:00'),
(149, 36, 2, 4, '2017-07-31 05:00:00', '2017-07-31 05:00:00'),
(150, 36, 3, 4, '2017-07-31 05:00:00', '2017-07-31 05:00:00'),
(151, 36, 4, 1, '2017-07-31 05:00:00', '2017-07-31 05:00:00'),
(152, 36, 5, 1, '2017-07-31 05:00:00', '2017-07-31 05:00:00'),
(153, 36, 1, 1, '2017-07-31 05:00:00', '2017-07-31 05:00:00'),
(154, 37, 2, 1, '2017-07-31 05:00:00', '2017-07-31 05:00:00'),
(155, 37, 3, 4, '2017-07-31 05:00:00', '2017-07-31 05:00:00'),
(156, 37, 4, 4, '2017-07-31 05:00:00', '2017-07-31 05:00:00'),
(157, 37, 5, 1, '2017-07-31 05:00:00', '2017-07-31 05:00:00'),
(158, 37, 1, 1, '2017-07-31 05:00:00', '2017-07-31 05:00:00'),
(159, 38, 2, 4, '2017-07-31 05:00:00', '2017-07-31 05:00:00'),
(160, 38, 3, 4, '2017-07-31 05:00:00', '2017-07-31 05:00:00'),
(161, 38, 4, 1, '2017-07-31 05:00:00', '2017-07-31 05:00:00'),
(162, 38, 5, 1, '2017-07-31 05:00:00', '2017-07-31 05:00:00'),
(163, 38, 1, 1, '2017-07-31 05:00:00', '2017-07-31 05:00:00'),
(164, 39, 2, 4, '2017-07-31 05:00:00', '2017-07-31 05:00:00'),
(165, 39, 3, 4, '2017-07-31 05:00:00', '2017-07-31 05:00:00'),
(166, 39, 4, 1, '2017-07-31 05:00:00', '2017-07-31 05:00:00'),
(167, 39, 5, 1, '2017-07-31 05:00:00', '2017-07-31 05:00:00'),
(168, 39, 1, 1, '2017-07-31 05:00:00', '2017-07-31 05:00:00'),
(169, 40, 2, 4, '2017-07-31 05:00:00', '2017-07-31 05:00:00'),
(170, 40, 3, 4, '2017-07-31 05:00:00', '2017-07-31 05:00:00'),
(171, 40, 4, 1, '2017-07-31 05:00:00', '2017-07-31 05:00:00'),
(172, 40, 5, 1, '2017-07-31 05:00:00', '2017-07-31 05:00:00'),
(173, 40, 1, 1, '2017-07-31 05:00:00', '2017-07-31 05:00:00'),
(174, 41, 2, 4, '2017-07-31 05:00:00', '2017-07-31 05:00:00'),
(175, 41, 3, 4, '2017-07-31 05:00:00', '2017-07-31 05:00:00'),
(176, 41, 4, 1, '2017-07-31 05:00:00', '2017-07-31 05:00:00'),
(177, 41, 5, 1, '2017-07-31 05:00:00', '2017-07-31 05:00:00'),
(178, 41, 1, 1, '2017-07-31 05:00:00', '2017-07-31 05:00:00'),
(179, 42, 2, 4, '2017-07-31 05:00:00', '2017-07-31 05:00:00'),
(180, 42, 3, 4, '2017-07-31 05:00:00', '2017-07-31 05:00:00'),
(181, 42, 4, 1, '2017-07-31 05:00:00', '2017-07-31 05:00:00'),
(182, 42, 5, 1, '2017-07-31 05:00:00', '2017-07-31 05:00:00'),
(183, 42, 1, 1, '2017-07-31 05:00:00', '2017-07-31 05:00:00'),
(184, 43, 2, 4, '2017-07-31 05:00:00', '2017-07-31 05:00:00'),
(185, 43, 3, 4, '2017-07-31 05:00:00', '2017-07-31 05:00:00'),
(186, 43, 4, 1, '2017-07-31 05:00:00', '2017-07-31 05:00:00'),
(187, 43, 5, 1, '2017-07-31 05:00:00', '2017-07-31 05:00:00'),
(188, 43, 1, 1, '2017-07-31 05:00:00', '2017-07-31 05:00:00'),
(189, 44, 2, 4, '2017-07-31 05:00:00', '2017-07-31 05:00:00'),
(190, 44, 3, 4, '2017-07-31 05:00:00', '2017-07-31 05:00:00'),
(191, 44, 4, 1, '2017-07-31 05:00:00', '2017-07-31 05:00:00'),
(192, 44, 5, 1, '2017-07-31 05:00:00', '2017-07-31 05:00:00'),
(193, 44, 1, 1, '2017-07-31 05:00:00', '2017-07-31 05:00:00'),
(194, 45, 2, 4, '2017-07-31 05:00:00', '2017-07-31 05:00:00'),
(195, 45, 3, 4, '2017-07-31 05:00:00', '2017-07-31 05:00:00'),
(196, 45, 4, 1, '2017-07-31 05:00:00', '2017-07-31 05:00:00'),
(197, 45, 5, 1, '2017-07-31 05:00:00', '2017-07-31 05:00:00'),
(198, 45, 1, 1, '2017-07-31 05:00:00', '2017-07-31 05:00:00'),
(199, 46, 2, 4, '2017-07-31 05:00:00', '2017-07-31 05:00:00'),
(200, 46, 3, 4, '2017-07-31 05:00:00', '2017-07-31 05:00:00'),
(201, 46, 4, 1, '2017-07-31 05:00:00', '2017-07-31 05:00:00'),
(202, 46, 5, 1, '2017-07-31 05:00:00', '2017-07-31 05:00:00'),
(203, 46, 1, 1, '2017-07-31 05:00:00', '2017-07-31 05:00:00'),
(204, 47, 2, 4, '2017-07-31 05:00:00', '2017-07-31 05:00:00'),
(205, 47, 3, 4, '2017-07-31 05:00:00', '2017-07-31 05:00:00'),
(206, 47, 4, 1, '2017-07-31 05:00:00', '2017-07-31 05:00:00'),
(207, 47, 5, 1, '2017-07-31 05:00:00', '2017-07-31 05:00:00'),
(208, 47, 1, 1, '2017-07-31 05:00:00', '2017-07-31 05:00:00'),
(209, 48, 2, 4, '2017-07-31 05:00:00', '2017-07-31 05:00:00'),
(210, 48, 3, 4, '2017-07-31 05:00:00', '2017-07-31 05:00:00'),
(211, 48, 4, 1, '2017-07-31 05:00:00', '2017-07-31 05:00:00'),
(212, 48, 5, 1, '2017-07-31 05:00:00', '2017-07-31 05:00:00'),
(213, 48, 1, 1, '2017-07-31 05:00:00', '2017-07-31 05:00:00'),
(214, 49, 2, 4, '2017-07-31 05:00:00', '2017-07-31 05:00:00'),
(215, 49, 3, 4, '2017-07-31 05:00:00', '2017-07-31 05:00:00'),
(216, 49, 4, 1, '2017-07-31 05:00:00', '2017-07-31 05:00:00'),
(217, 49, 5, 1, '2017-07-31 05:00:00', '2017-07-31 05:00:00'),
(218, 49, 1, 1, '2017-07-31 05:00:00', '2017-07-31 05:00:00'),
(219, 50, 2, 4, '2017-07-31 05:00:00', '2017-07-31 05:00:00'),
(220, 50, 3, 4, '2017-07-31 05:00:00', '2017-07-31 05:00:00'),
(221, 50, 4, 1, '2017-07-31 05:00:00', '2017-07-31 05:00:00'),
(222, 50, 5, 1, '2017-07-31 05:00:00', '2017-07-31 05:00:00'),
(223, 50, 1, 1, '2017-07-31 05:00:00', '2017-07-31 05:00:00'),
(224, 51, 2, 4, '2017-07-31 05:00:00', '2017-07-31 05:00:00'),
(225, 51, 3, 4, '2017-07-31 05:00:00', '2017-07-31 05:00:00'),
(226, 51, 4, 1, '2017-07-31 05:00:00', '2017-07-31 05:00:00'),
(227, 51, 5, 1, '2017-07-31 05:00:00', '2017-07-31 05:00:00'),
(228, 51, 1, 1, '2017-07-31 05:00:00', '2017-07-31 05:00:00'),
(229, 52, 2, 4, '2017-07-31 05:00:00', '2017-07-31 05:00:00'),
(230, 52, 3, 4, '2017-07-31 05:00:00', '2017-07-31 05:00:00'),
(231, 52, 4, 1, '2017-07-31 05:00:00', '2017-07-31 05:00:00'),
(232, 52, 5, 1, '2017-07-31 05:00:00', '2017-07-31 05:00:00'),
(233, 52, 1, 1, '2017-07-31 05:00:00', '2017-07-31 05:00:00'),
(234, 53, 2, 4, '2017-07-31 05:00:00', '2017-07-31 05:00:00'),
(235, 53, 3, 4, '2017-07-31 05:00:00', '2017-07-31 05:00:00'),
(236, 53, 4, 1, '2017-07-31 05:00:00', '2017-07-31 05:00:00'),
(237, 53, 5, 1, '2017-07-31 05:00:00', '2017-07-31 05:00:00'),
(238, 53, 1, 1, '2017-07-31 05:00:00', '2017-07-31 05:00:00'),
(239, 54, 2, 4, '2017-07-31 05:00:00', '2017-07-31 05:00:00'),
(240, 54, 3, 4, '2017-07-31 05:00:00', '2017-07-31 05:00:00'),
(241, 54, 4, 1, '2017-07-31 05:00:00', '2017-07-31 05:00:00'),
(242, 54, 5, 1, '2017-07-31 05:00:00', '2017-07-31 05:00:00'),
(243, 54, 1, 1, '2017-07-31 05:00:00', '2017-07-31 05:00:00'),
(244, 55, 2, 4, '2017-07-31 05:00:00', '2017-07-31 05:00:00'),
(245, 55, 3, 4, '2017-07-31 05:00:00', '2017-07-31 05:00:00'),
(246, 55, 4, 1, '2017-07-31 05:00:00', '2017-07-31 05:00:00'),
(247, 55, 5, 1, '2017-07-31 05:00:00', '2017-07-31 05:00:00'),
(248, 55, 1, 1, '2017-07-31 05:00:00', '2017-07-31 05:00:00'),
(249, 56, 2, 4, '2017-07-31 05:00:00', '2017-07-31 05:00:00'),
(250, 56, 3, 4, '2017-07-31 05:00:00', '2017-07-31 05:00:00'),
(251, 56, 4, 1, '2017-07-31 05:00:00', '2017-07-31 05:00:00'),
(252, 56, 5, 1, '2017-07-31 05:00:00', '2017-07-31 05:00:00'),
(253, 56, 1, 1, '2017-07-31 05:00:00', '2017-07-31 05:00:00'),
(254, 57, 2, 4, '2017-07-31 05:00:00', '2017-07-31 05:00:00'),
(255, 57, 3, 4, '2017-07-31 05:00:00', '2017-07-31 05:00:00'),
(256, 57, 4, 1, '2017-07-31 05:00:00', '2017-07-31 05:00:00'),
(257, 57, 5, 1, '2017-07-31 05:00:00', '2017-07-31 05:00:00'),
(258, 57, 1, 1, '2017-07-31 05:00:00', '2017-07-31 05:00:00'),
(259, 58, 2, 4, '2017-07-31 05:00:00', '2017-07-31 05:00:00'),
(260, 58, 3, 4, '2017-07-31 05:00:00', '2017-07-31 05:00:00'),
(261, 58, 4, 1, '2017-07-31 05:00:00', '2017-07-31 05:00:00'),
(262, 58, 5, 1, '2017-07-31 05:00:00', '2017-07-31 05:00:00'),
(263, 58, 1, 1, '2017-07-31 05:00:00', '2017-07-31 05:00:00');

-- --------------------------------------------------------

--
-- Estructura de tabla para la tabla `familias_factores`
--

CREATE TABLE `familias_factores` (
  `id` int(10) UNSIGNED NOT NULL,
  `nombre` varchar(255) COLLATE utf8_unicode_ci NOT NULL,
  `descripcion` text COLLATE utf8_unicode_ci NOT NULL,
  `nombre_para_organizacion` varchar(50) COLLATE utf8_unicode_ci NOT NULL,
  `created_at` timestamp NOT NULL DEFAULT '0000-00-00 00:00:00',
  `updated_at` timestamp NOT NULL DEFAULT '0000-00-00 00:00:00'
) ENGINE=InnoDB DEFAULT CHARSET=utf8 COLLATE=utf8_unicode_ci;

--
-- Volcado de datos para la tabla `familias_factores`
--

INSERT INTO `familias_factores` (`id`, `nombre`, `descripcion`, `nombre_para_organizacion`, `created_at`, `updated_at`) VALUES
(1, 'Genericas', 'Aplica para todos los empleados', 'Genericas', '0000-00-00 00:00:00', '0000-00-00 00:00:00'),
(2, 'Especificas', 'Aplica para cierta area o grupo de areas', 'Especificas', '0000-00-00 00:00:00', '0000-00-00 00:00:00'),
(3, 'De Mando', 'Aplica para niveles de puesto con gente a su cargo', 'De Mando', '0000-00-00 00:00:00', '0000-00-00 00:00:00');

-- --------------------------------------------------------

--
-- Estructura de tabla para la tabla `grupo_areas`
--

CREATE TABLE `grupo_areas` (
  `id` int(10) UNSIGNED NOT NULL,
  `nombre` varchar(255) COLLATE utf8_unicode_ci NOT NULL,
  `id_empresa` int(11) DEFAULT NULL,
  `created_at` timestamp NOT NULL DEFAULT '0000-00-00 00:00:00',
  `updated_at` timestamp NOT NULL DEFAULT '0000-00-00 00:00:00'
) ENGINE=InnoDB DEFAULT CHARSET=utf8 COLLATE=utf8_unicode_ci;

--
-- Volcado de datos para la tabla `grupo_areas`
--

INSERT INTO `grupo_areas` (`id`, `nombre`, `id_empresa`, `created_at`, `updated_at`) VALUES
(1, 'OTROS', 1, '2017-07-13 05:00:00', '2017-07-13 05:00:00'),
(2, 'ADMON Y FINANZAS', 1, '2017-07-13 05:00:00', '2017-07-13 05:00:00'),
(3, 'PROMOCION EMPRESARIAL', 1, '2017-07-13 05:00:00', '2017-07-13 05:00:00');

-- --------------------------------------------------------

--
-- Estructura de tabla para la tabla `list_users_services`
--

CREATE TABLE `list_users_services` (
  `id` int(10) UNSIGNED NOT NULL,
  `id_solicitante` int(10) UNSIGNED NOT NULL,
  `fecha_termino` varchar(255) COLLATE utf8mb4_unicode_ci DEFAULT NULL,
  `seguimiento` text COLLATE utf8mb4_unicode_ci,
  `id_servicio` int(11) DEFAULT NULL,
  `descripcion` varchar(255) COLLATE utf8mb4_unicode_ci NOT NULL,
  `cant` varchar(255) COLLATE utf8mb4_unicode_ci NOT NULL,
  `empresa_resp` varchar(255) COLLATE utf8mb4_unicode_ci DEFAULT NULL,
  `rel_responsable` varchar(255) COLLATE utf8mb4_unicode_ci DEFAULT NULL,
  `responsable` varchar(255) COLLATE utf8mb4_unicode_ci DEFAULT NULL,
  `prioridad` varchar(255) COLLATE utf8mb4_unicode_ci DEFAULT NULL,
  `id_evento` varchar(255) COLLATE utf8mb4_unicode_ci NOT NULL,
  `fecha_evento` date DEFAULT NULL,
  `descripcion_evento` varchar(255) COLLATE utf8mb4_unicode_ci DEFAULT NULL,
  `comentarios_evento` varchar(255) COLLATE utf8mb4_unicode_ci DEFAULT NULL,
  `solicito_evento` varchar(255) COLLATE utf8mb4_unicode_ci DEFAULT NULL,
  `comentarios` varchar(255) COLLATE utf8mb4_unicode_ci NOT NULL,
  `created_at` timestamp NULL DEFAULT NULL,
  `updated_at` timestamp NULL DEFAULT NULL
) ENGINE=InnoDB DEFAULT CHARSET=utf8mb4 COLLATE=utf8mb4_unicode_ci;

--
-- Volcado de datos para la tabla `list_users_services`
--

INSERT INTO `list_users_services` (`id`, `id_solicitante`, `fecha_termino`, `seguimiento`, `id_servicio`, `descripcion`, `cant`, `empresa_resp`, `rel_responsable`, `responsable`, `prioridad`, `id_evento`, `fecha_evento`, `descripcion_evento`, `comentarios_evento`, `solicito_evento`, `comentarios`, `created_at`, `updated_at`) VALUES
(4, 1, NULL, '\\nMarch 20, 2018, 6:45 pm-Alejandra Concepcion Galan Cortes >> Hola\\nMarch 20, 2018, 6:45 pm-Alejandra Concepcion Galan Cortes >> Ocupo mañana', 7, 'Sillas', '3', 'Cuarto de kilo', 'Subdepartamento', 'PRESIDENCIA', 'Alta', 'NA', NULL, NULL, NULL, NULL, 'adfasdffasdf', '2018-03-13 04:44:06', '2018-03-21 00:45:42'),
(5, 1, NULL, '\nMarch 14, 2018, 11:40 pm-Alejandra Concepcion Galan Cortes >> eeeeey\nMarch 14, 2018, 11:40 pm-Alejandra Concepcion Galan Cortes >> no se eso no soy cientifico\nMarch 20, 2018, 6:00 am-Alejandra Concepcion Galan Cortes >> eeey holi\nMarch 20, 2018, 6:00 am-Alejandra Concepcion Galan Cortes >> holi\nMarch 20, 2018, 6:03 am-Alejandra Concepcion Galan Cortes >> uu\nMarch 20, 2018, 6:04 am-Alejandra Concepcion Galan Cortes >> .', 7, 'Sillas', '3', 'Cuarto de kilo', 'Subdepartamento', 'PRESIDENCIA', 'Alta', 'NA', NULL, NULL, NULL, NULL, 'esta es la ultima prueba', '2018-03-13 04:44:29', '2018-03-20 12:04:16'),
(6, 1, NULL, NULL, 14, 'dasdfasdfasdf', '5', 'Cuarto de kilo', 'Empresa', 'Cuarto de kilo', 'Alta', 'NA', NULL, NULL, NULL, NULL, 'otra prueba', '2018-03-13 04:54:02', '2018-03-13 04:54:02'),
(7, 1, NULL, '\nMarch 13, 2018, 8:17 pm-Alejandra Concepcion Galan Cortes>>Hola Ale\nMarch 13, 2018, 8:17 pm-Alejandra Concepcion Galan Cortes>>Hola Ale\nMarch 13, 2018, 8:18 pm-Alejandra Concepcion Galan Cortes>>Hola Ale\nMarch 13, 2018, 8:51 pm-Alejandra Concepcion Galan Cortes >> Esta es una prueba\nMarch 13, 2018, 8:52 pm-Alejandra Concepcion Galan Cortes >> asdfadfasdfasdfasdf\nMarch 13, 2018, 9:54 pm-Alejandra Concepcion Galan Cortes >> eeey aleeeee\nMarch 13, 2018, 10:10 pm-Alejandra Concepcion Galan Cortes >> \nMarch 13, 2018, 10:14 pm-Alejandra Concepcion Galan Cortes >> Quisiera las silas de color verde', 12, 'Manteleria', '3', 'Cuarto de kilo', 'Usuario', '1', 'Alta', 'NA', NULL, NULL, NULL, NULL, 'dfasdafdas', '2018-03-13 04:55:22', '2018-03-14 04:14:35'),
(8, 1, NULL, '\nMarch 13 2018 10:15 pm-Alejandra Concepcion Galan Cortes >> Hola buen dia se puede agregar dos sillas mas', 7, 'Sillas', '6', 'Cuarto de kilo', 'Subdepartamento', 'PRESIDENCIA', 'Media', 'NA', NULL, NULL, NULL, NULL, 'Se requiere en el Auditorio.', '2018-03-13 23:07:41', '2018-03-14 04:15:38'),
(9, 1, NULL, NULL, 7, 'Sillas', '4', 'Cuarto de kilo', 'Puesto', 'ANALISTA DE BURO DE CREDITO', 'Media', '1', NULL, NULL, NULL, NULL, 'la sillas se prestan 2 dias antes', '2018-03-16 05:16:01', '2018-03-16 05:16:01'),
(10, 1, NULL, NULL, 12, 'Manteleria', '3', '1', 'Empresa', 'Cuarto de kilo', 'Media', '1', NULL, NULL, NULL, NULL, 'manteles sillas rectangular', '2018-03-16 05:16:01', '2018-03-16 05:16:01'),
(11, 1, NULL, '', 5, 'adsfasdf', '1', 'Cuarto de kilo', 'Departamento', 'ADMON Y FINANZAS', 'Alta', '2', NULL, NULL, NULL, NULL, 'asdfadsf', '2018-03-20 05:30:48', '2018-03-20 12:19:54'),
(12, 1, NULL, '', 7, 'Sillas', '1', 'Cuarto de kilo', 'Subdepartamento', 'PRESIDENCIA', 'Alta', '2', NULL, NULL, NULL, NULL, 'la sillas se prestan 2 dias antes', '2018-03-20 05:30:48', '2018-03-20 12:20:14'),
(13, 1, NULL, ' \n March 20, 2018, 4:27 pm-Alejandra Concepcion Galan Cortes >> Hola \n March 20, 2018, 4:33 pm-Alejandra Concepcion Galan Cortes >> hola buen dia', 5, 'adsfasdf', '1', 'Cuarto de kilo', 'Departamento', 'ADMON Y FINANZAS', 'Alta', '3', '2018-03-12', 'prueba 1', 'prueba 1', '1', 'asdfadsf', '2018-03-20 05:36:30', '2018-03-20 22:33:18'),
(14, 1, NULL, ' \n March 20, 2018, 4:31 pm-Alejandra Concepcion Galan Cortes >> Hola buen dia se puede cambiar el color \n March 20, 2018, 4:33 pm-Alejandra Concepcion Galan Cortes >> por rojo', 7, 'Sillas', '1', 'Cuarto de kilo', 'Subdepartamento', 'PRESIDENCIA', 'Alta', '3', '2018-03-12', 'prueba 1', 'prueba 1', '1', 'la sillas se prestan 2 dias antes', '2018-03-20 05:36:30', '2018-03-20 22:33:28'),
(15, 1, NULL, '\nMarch 20, 2018, 4:23 pm-Alejandra Concepcion Galan Cortes >> dfsdfsdfgsdf\nMarch 20, 2018, 4:23 pm-Alejandra Concepcion Galan Cortes >> dfsdfsdfgsdf\nMarch 20, 2018, 4:24 pm-Alejandra Concepcion Galan Cortes >> dfsdfsdfgsdf \n March 20, 2018, 4:24 pm-Alejandra Concepcion Galan Cortes >> dfsdfsdfgsdf', 7, 'Sillas', 'prueba final', 'Cuarto de kilo', 'Subdepartamento', 'PRESIDENCIA', 'Alta', '4', '2018-03-12', 'prueba 1', 'prueba 1', '1', 'la sillas se prestan 2 dias antes', '2018-03-20 06:21:12', '2018-03-20 22:24:38'),
(16, 1, NULL, NULL, 7, 'Sillas', '6', 'Cuarto de kilo', 'Subdepartamento', 'PRESIDENCIA', 'Alta', 'NA', NULL, NULL, NULL, NULL, 'hkljhlljkhlp', '2018-03-21 00:44:32', '2018-03-21 00:44:32'),
(17, 1, NULL, ' \n March 20, 2018, 6:58 pm-Alejandra Concepcion Galan Cortes >> Hola \n March 20, 2018, 6:58 pm-Alejandra Concepcion Galan Cortes >> El evento es mañana', 5, 'adsfasdf', '4', 'Cuarto de kilo', 'Departamento', 'ADMON Y FINANZAS', 'Alta', '5', '2018-04-12', 'Evento escolar', 'Prueba de evento', '1', 'asdfadsf', '2018-03-21 00:58:05', '2018-03-21 00:58:47'),
(18, 1, NULL, NULL, 7, 'Sillas', '4', 'Cuarto de kilo', 'Puesto', 'ANALISTA DE BURO DE CREDITO', 'Alta', '5', '2018-04-12', 'Evento escolar', 'Prueba de evento', '1', 'la sillas se prestan 2 dias antes', '2018-03-21 00:58:05', '2018-03-21 00:58:05');

-- --------------------------------------------------------

--
-- Estructura de tabla para la tabla `migrations`
--

CREATE TABLE `migrations` (
  `id` int(10) UNSIGNED NOT NULL,
  `migration` varchar(255) COLLATE utf8mb4_unicode_ci NOT NULL,
  `batch` int(11) NOT NULL
) ENGINE=InnoDB DEFAULT CHARSET=utf8mb4 COLLATE=utf8mb4_unicode_ci;

--
-- Volcado de datos para la tabla `migrations`
--

INSERT INTO `migrations` (`id`, `migration`, `batch`) VALUES
(1, '2014_10_12_000000_create_users_table', 1),
(2, '2014_10_12_100000_create_password_resets_table', 1),
(3, '2014_10_12_000000_alter_users_table', 2),
(4, '2018_02_22_160226_new_services', 3),
(5, '2018_02_22_160435_create_eventos', 3),
(6, '2018_02_22_160459_create_users_services', 3),
(7, '2018_02_22_160602_create_asign_services_user', 3),
(8, '2018_02_22_173013_nombre_migracion', 3),
(10, '2018_02_23_150241_cat_depto_puesto', 5);

-- --------------------------------------------------------

--
-- Estructura de tabla para la tabla `niveles_puestos`
--

CREATE TABLE `niveles_puestos` (
  `id` int(10) UNSIGNED NOT NULL,
  `nombre` varchar(255) CHARACTER SET utf8 COLLATE utf8_unicode_ci NOT NULL,
  `mando` tinyint(1) NOT NULL,
  `created_at` timestamp NOT NULL DEFAULT '0000-00-00 00:00:00',
  `updated_at` timestamp NOT NULL DEFAULT '0000-00-00 00:00:00'
) ENGINE=InnoDB DEFAULT CHARSET=utf8;

--
-- Volcado de datos para la tabla `niveles_puestos`
--

INSERT INTO `niveles_puestos` (`id`, `nombre`, `mando`, `created_at`, `updated_at`) VALUES
(1, 'OTRO', 0, '2017-07-13 05:00:00', '2017-07-13 05:00:00'),
(2, 'ADMINISTRATIVO', 0, '2017-07-13 05:00:00', '2017-07-13 05:00:00'),
(3, 'ALTO', 1, '2017-07-13 05:00:00', '2017-07-13 05:00:00'),
(4, 'MEDIO', 1, '2017-07-13 05:00:00', '2017-07-13 05:00:00'),
(5, 'OPERATIVO', 0, '2017-07-13 05:00:00', '2017-07-13 05:00:00');

-- --------------------------------------------------------

--
-- Estructura de tabla para la tabla `password_resets`
--

CREATE TABLE `password_resets` (
  `email` varchar(255) COLLATE utf8mb4_unicode_ci NOT NULL,
  `token` varchar(255) COLLATE utf8mb4_unicode_ci NOT NULL,
  `created_at` timestamp NULL DEFAULT NULL
) ENGINE=InnoDB DEFAULT CHARSET=utf8mb4 COLLATE=utf8mb4_unicode_ci;

-- --------------------------------------------------------

--
-- Estructura de tabla para la tabla `puestos`
--

CREATE TABLE `puestos` (
  `id` int(10) UNSIGNED NOT NULL,
  `puesto` varchar(255) CHARACTER SET utf8 COLLATE utf8_unicode_ci NOT NULL,
  `created_at` timestamp NOT NULL DEFAULT '0000-00-00 00:00:00',
  `updated_at` timestamp NOT NULL DEFAULT '0000-00-00 00:00:00'
) ENGINE=InnoDB DEFAULT CHARSET=utf8;

--
-- Volcado de datos para la tabla `puestos`
--

INSERT INTO `puestos` (`id`, `puesto`, `created_at`, `updated_at`) VALUES
(1, 'ANALISTA DE BURO DE CREDITO', '2017-07-13 05:00:00', '2017-07-13 05:00:00'),
(2, 'ANALISTA DE CREDITO', '2017-07-13 05:00:00', '2017-07-13 05:00:00'),
(3, 'ANALISTA DE CREDITO EMPRESARIA', '2017-07-13 05:00:00', '2017-07-13 05:00:00'),
(4, 'ANALISTA FINANCIERO', '2017-07-13 05:00:00', '2017-07-13 05:00:00'),
(5, 'ASISTENTE DE PRESIDENCIA', '2017-07-13 05:00:00', '2017-07-13 05:00:00'),
(6, 'AUDITOR ADMINISTRATIVO', '2017-07-13 05:00:00', '2017-07-13 05:00:00'),
(7, 'AUX. DE CUENTAS POR PAGAR', '2017-07-13 05:00:00', '2017-07-13 05:00:00'),
(8, 'AUXILIAR ADMINISTRATIVO', '2017-07-13 05:00:00', '2017-07-13 05:00:00'),
(9, 'AUXILIAR ADMVO DE LOGISTICA', '2017-07-13 05:00:00', '2017-07-13 05:00:00'),
(10, 'AUXILIAR ADMVO DE LOGISTICA GD', '2017-07-13 05:00:00', '2017-07-13 05:00:00'),
(11, 'AUXILIAR CONTABLE', '2017-07-13 05:00:00', '2017-07-13 05:00:00'),
(12, 'AUXILIAR DE CONTRATOS', '2017-07-13 05:00:00', '2017-07-13 05:00:00'),
(13, 'AUXILIAR DE TERMINACIONES', '2017-07-13 05:00:00', '2017-07-13 05:00:00'),
(14, 'AUXILIAR MESA DE CONTROL', '2017-07-13 05:00:00', '2017-07-13 05:00:00'),
(15, 'CONTADOR', '2017-07-13 05:00:00', '2017-07-13 05:00:00'),
(16, 'CONTRALOR', '2017-07-13 05:00:00', '2017-07-13 05:00:00'),
(17, 'COORDINADOR ADMINISTRATIVO', '2017-07-13 05:00:00', '2017-07-13 05:00:00'),
(18, 'COORDINADOR ADMVO CONTRALORIA', '2017-07-13 05:00:00', '2017-07-13 05:00:00'),
(19, 'COORDINADOR DE APOYO COMERCIAL', '2017-07-13 05:00:00', '2017-07-13 05:00:00'),
(20, 'COORDINADOR DE CAPACITACION', '2017-07-13 05:00:00', '2017-07-13 05:00:00'),
(21, 'COORDINADOR DE COBRANZA', '2017-07-13 05:00:00', '2017-07-13 05:00:00'),
(22, 'COORDINADOR DE CONTRATOS', '2017-07-13 05:00:00', '2017-07-13 05:00:00'),
(23, 'COORDINADOR DE FACTURACION', '2017-07-13 05:00:00', '2017-07-13 05:00:00'),
(24, 'COORDINADOR DE LOGISTICA', '2017-07-13 05:00:00', '2017-07-13 05:00:00'),
(25, 'COORDINADOR DE MESA DE CONTROL', '2017-07-13 05:00:00', '2017-07-13 05:00:00'),
(26, 'COORDINADOR DE SEGUROS', '2017-07-13 05:00:00', '2017-07-13 05:00:00'),
(27, 'COORDINADOR DE SERVICIOS DE TE', '2017-07-13 05:00:00', '2017-07-13 05:00:00'),
(28, 'COORDINADOR DE TERMINACIONES', '2017-07-13 05:00:00', '2017-07-13 05:00:00'),
(29, 'COORDINADOR OPERATIVO  JURIDIC', '2017-07-13 05:00:00', '2017-07-13 05:00:00'),
(30, 'DIRECTOR DE ADMINISTRACION Y F', '2017-07-13 05:00:00', '2017-07-13 05:00:00'),
(31, 'DIRECTOR DE ALIANZAS', '2017-07-13 05:00:00', '2017-07-13 05:00:00'),
(32, 'DIRECTOR DE FONDEO', '2017-07-13 05:00:00', '2017-07-13 05:00:00'),
(33, 'DIRECTOR DE OPERACIONES', '2017-07-13 05:00:00', '2017-07-13 05:00:00'),
(34, 'DIRECTOR DE RECUPERACIÓN ESPEC', '2017-07-13 05:00:00', '2017-07-13 05:00:00'),
(35, 'DIRECTOR DE RIESGO', '2017-07-13 05:00:00', '2017-07-13 05:00:00'),
(36, 'DIRECTOR DE TECNOLOGIAS DE LA', '2017-07-13 05:00:00', '2017-07-13 05:00:00'),
(37, 'DIRECTOR EMPRESARIAL D.F.', '2017-07-13 05:00:00', '2017-07-13 05:00:00'),
(38, 'DIRECTOR GENERAL', '2017-07-13 05:00:00', '2017-07-13 05:00:00'),
(39, 'DIRECTOR GENERAL ADJ AREA COMERCIAL', '2017-07-13 05:00:00', '2017-07-13 05:00:00'),
(40, 'DIRECTOR GENERAL ADJ. DE FINAN', '2017-07-13 05:00:00', '2017-07-13 05:00:00'),
(41, 'DIRECTOR GENERAL ADJ. DE RIESG', '2017-07-13 05:00:00', '2017-07-13 05:00:00'),
(42, 'DIRECTOR NACIONAL DE PROMOCION', '2017-07-13 05:00:00', '2017-07-13 05:00:00'),
(43, 'DIRECTOR REGIONAL BAJIO', '2017-07-13 05:00:00', '2017-07-13 05:00:00'),
(44, 'DIRECTOR REGIONAL CDMX', '2017-07-13 05:00:00', '2017-07-13 05:00:00'),
(45, 'DIRECTOR REGIONAL NORESTE', '2017-07-13 05:00:00', '2017-07-13 05:00:00'),
(46, 'DIRECTOR REGIONAL NOROESTE', '2017-07-13 05:00:00', '2017-07-13 05:00:00'),
(47, 'DIRECTOR REGIONAL OCCIDENTE', '2017-07-13 05:00:00', '2017-07-13 05:00:00'),
(48, 'DIRECTOR REGIONAL PROMOCION EM', '2017-07-13 05:00:00', '2017-07-13 05:00:00'),
(49, 'DIRECTOR VENDOR', '2017-07-13 05:00:00', '2017-07-13 05:00:00'),
(50, 'EJECUTIVO DE PROMOCION AGS', '2017-07-13 05:00:00', '2017-07-13 05:00:00'),
(51, 'EJECUTIVO DE PROMOCION BAJIO L', '2017-07-13 05:00:00', '2017-07-13 05:00:00'),
(52, 'EJECUTIVO DE PROMOCION BAJIO Q', '2017-07-13 05:00:00', '2017-07-13 05:00:00'),
(53, 'EJECUTIVO DE PROMOCION CDMX', '2017-07-13 05:00:00', '2017-07-13 05:00:00'),
(54, 'EJECUTIVO DE PROMOCION COLIMA', '2017-07-13 05:00:00', '2017-07-13 05:00:00'),
(55, 'EJECUTIVO DE PROMOCION EMPESAR', '2017-07-13 05:00:00', '2017-07-13 05:00:00'),
(56, 'EJECUTIVO DE PROMOCION EMPRESA', '2017-07-13 05:00:00', '2017-07-13 05:00:00'),
(57, 'EJECUTIVO DE PROMOCION MORELIA', '2017-07-13 05:00:00', '2017-07-13 05:00:00'),
(58, 'EJECUTIVO DE PROMOCION NORESTE', '2017-07-13 05:00:00', '2017-07-13 05:00:00'),
(59, 'EJECUTIVO DE PROMOCION NOROEST', '2017-07-13 05:00:00', '2017-07-13 05:00:00'),
(60, 'EJECUTIVO DE PROMOCION OCCIDEN', '2017-07-13 05:00:00', '2017-07-13 05:00:00'),
(61, 'EJECUTIVO DE PROMOCION SUR CUE', '2017-07-13 05:00:00', '2017-07-13 05:00:00'),
(62, 'EJECUTIVO DE PROMOCION SUR PUE', '2017-07-13 05:00:00', '2017-07-13 05:00:00'),
(63, 'EJECUTIVO DE PROMOCION SUR VER', '2017-07-13 05:00:00', '2017-07-13 05:00:00'),
(64, 'EJECUTIVO DE PROMOCION SURESTE', '2017-07-13 05:00:00', '2017-07-13 05:00:00'),
(65, 'EJECUTIVO DE PROMOCION TEPIC', '2017-07-13 05:00:00', '2017-07-13 05:00:00'),
(66, 'EJECUTIVO PROMOCION EMPRESARIA', '2017-07-13 05:00:00', '2017-07-13 05:00:00'),
(67, 'FIDELIZACION', '2017-07-13 05:00:00', '2017-07-13 05:00:00'),
(68, 'GENERALISTA DE RECURSOS HUMANO', '2017-07-13 05:00:00', '2017-07-13 05:00:00'),
(69, 'GERENTE DE CONTRALORIA PROCAAR', '2017-07-13 05:00:00', '2017-07-13 05:00:00'),
(70, 'GERENTE DE CREDITO EMPRESARIAL', '2017-07-13 05:00:00', '2017-07-13 05:00:00'),
(71, 'GERENTE DE FONDEO', '2017-07-13 05:00:00', '2017-07-13 05:00:00'),
(72, 'GERENTE DE INFRAESTRUCTURA', '2017-07-13 05:00:00', '2017-07-13 05:00:00'),
(73, 'GERENTE DE OPERACIONES', '2017-07-13 05:00:00', '2017-07-13 05:00:00'),
(74, 'GERENTE DE RECUPERACION ESPECI', '2017-07-13 05:00:00', '2017-07-13 05:00:00'),
(75, 'GERENTE DE RECURSOS HUMANOS', '2017-07-13 05:00:00', '2017-07-13 05:00:00'),
(76, 'GERENTE DE SOFTWARE', '2017-07-13 05:00:00', '2017-07-13 05:00:00'),
(77, 'GESTOR CDMX', '2017-07-13 05:00:00', '2017-07-13 05:00:00'),
(78, 'INGENIERO DE SOFTWARE', '2017-07-13 05:00:00', '2017-07-13 05:00:00'),
(79, 'INPLANT BNP PARIBAS', '2017-07-13 05:00:00', '2017-07-13 05:00:00'),
(80, 'INTENDENCIA', '2017-07-13 05:00:00', '2017-07-13 05:00:00'),
(81, 'INTENDENCIA CDMX', '2017-07-13 05:00:00', '2017-07-13 05:00:00'),
(82, 'JEFE DE ADMISION PROCAAR', '2017-07-13 05:00:00', '2017-07-13 05:00:00'),
(83, 'JEFE DE CONTABILIDAD', '2017-07-13 05:00:00', '2017-07-13 05:00:00'),
(84, 'JEFE DE CUENTAS POR PAGAR', '2017-07-13 05:00:00', '2017-07-13 05:00:00'),
(85, 'JEFE DE MERCADOTECNIA', '2017-07-13 05:00:00', '2017-07-13 05:00:00'),
(86, 'LIDER DE PROYECTO BNP', '2017-07-13 05:00:00', '2017-07-13 05:00:00'),
(87, 'MANTENIMIENTO', '2017-07-13 05:00:00', '2017-07-13 05:00:00'),
(88, 'MENSAJERO', '2017-07-13 05:00:00', '2017-07-13 05:00:00'),
(89, 'MENSAJERO CDMX', '2017-07-13 05:00:00', '2017-07-13 05:00:00'),
(90, 'RECEPCIONISTA', '2017-07-13 05:00:00', '2017-07-13 05:00:00'),
(91, 'RESPONSABLE DE ADMISION PROCAA', '2017-07-13 05:00:00', '2017-07-13 05:00:00'),
(92, 'SERVICIO AL CLIENTE', '2017-07-13 05:00:00', '2017-07-13 05:00:00'),
(93, 'SOPORTE TECNICO', '2017-07-13 05:00:00', '2017-07-13 05:00:00'),
(94, 'SUB DIRECTOR CREDITO PROCAAR', '2017-07-13 05:00:00', '2017-07-13 05:00:00'),
(95, 'SUB DIRECTOR DE CUMPL. Y CONTR', '2017-07-13 05:00:00', '2017-07-13 05:00:00'),
(96, 'TESORERO', '2017-07-13 05:00:00', '2017-07-13 05:00:00'),
(97, 'COORDINADOR CUENTAS POR PAGAR', '0000-00-00 00:00:00', '0000-00-00 00:00:00'),
(98, 'DIRECTOR DE RECUPERACIÃ“N ESPEC', '0000-00-00 00:00:00', '0000-00-00 00:00:00'),
(99, 'AUXILIAR DE COBRANZA', '0000-00-00 00:00:00', '0000-00-00 00:00:00'),
(100, 'GERENTE DE CAPITAL HUMANO', '0000-00-00 00:00:00', '0000-00-00 00:00:00'),
(101, 'DIRECTOR GENERAL ADJ. AREA COMERCIAL', '0000-00-00 00:00:00', '0000-00-00 00:00:00'),
(102, 'DIRECTOR DE RECUPERACIàN ESPEC', '0000-00-00 00:00:00', '0000-00-00 00:00:00'),
(103, 'EJECUTIVO DE PROMOCION ADMINISTRATIVA', '2017-10-25 20:33:47', '0000-00-00 00:00:00'),
(104, 'TECNOLOGIAS DE LA INFORMACION', '2017-10-25 20:33:47', '0000-00-00 00:00:00'),
(105, 'DIRECTOR DE RECUPERACI', '2017-10-25 20:33:47', '0000-00-00 00:00:00'),
(106, 'DIRECTOR DE RECUPERACI', '2017-10-25 20:38:40', '0000-00-00 00:00:00'),
(107, 'DIRECTOR DE RECUPERACI', '2017-10-25 20:41:59', '0000-00-00 00:00:00'),
(108, 'DESARROLLO DE SOFTWARE', '2017-10-25 20:42:00', '0000-00-00 00:00:00'),
(109, '', '2017-10-25 20:42:00', '0000-00-00 00:00:00'),
(110, 'DIRECTOR DE RECUPERACI', '2017-10-25 20:47:31', '0000-00-00 00:00:00'),
(111, 'DIRECTOR DE RECUPERACI', '2017-10-25 21:00:15', '0000-00-00 00:00:00'),
(112, 'DIRECTOR DE RECUPERACI', '2017-10-25 21:08:00', '0000-00-00 00:00:00'),
(113, 'DIRECTOR DE RECUPERACI', '2017-10-25 21:16:18', '0000-00-00 00:00:00'),
(114, 'DIRECTOR DE RECUPERACI', '2017-10-25 21:27:48', '0000-00-00 00:00:00');

-- --------------------------------------------------------

--
-- Estructura de tabla para la tabla `puesto_nivel_puesto`
--

CREATE TABLE `puesto_nivel_puesto` (
  `id` int(10) UNSIGNED NOT NULL,
  `id_nivel_puesto` int(11) NOT NULL,
  `id_puesto` int(11) NOT NULL,
  `created_at` timestamp NOT NULL DEFAULT '0000-00-00 00:00:00',
  `updated_at` timestamp NOT NULL DEFAULT '0000-00-00 00:00:00'
) ENGINE=InnoDB DEFAULT CHARSET=utf8;

--
-- Volcado de datos para la tabla `puesto_nivel_puesto`
--

INSERT INTO `puesto_nivel_puesto` (`id`, `id_nivel_puesto`, `id_puesto`, `created_at`, `updated_at`) VALUES
(1, 2, 1, '2017-07-13 05:00:00', '2017-07-13 05:00:00'),
(2, 2, 2, '2017-07-13 05:00:00', '2017-07-13 05:00:00'),
(3, 2, 3, '2017-07-13 05:00:00', '2017-07-13 05:00:00'),
(4, 2, 4, '2017-07-13 05:00:00', '2017-07-13 05:00:00'),
(5, 2, 5, '2017-07-13 05:00:00', '2017-07-13 05:00:00'),
(6, 2, 6, '2017-07-13 05:00:00', '2017-07-13 05:00:00'),
(7, 2, 7, '2017-07-13 05:00:00', '2017-07-13 05:00:00'),
(8, 2, 8, '2017-07-13 05:00:00', '2017-07-13 05:00:00'),
(9, 2, 9, '2017-07-13 05:00:00', '2017-07-13 05:00:00'),
(10, 2, 11, '2017-07-13 05:00:00', '2017-07-13 05:00:00'),
(11, 2, 12, '2017-07-13 05:00:00', '2017-07-13 05:00:00'),
(12, 2, 15, '2017-07-13 05:00:00', '2017-07-13 05:00:00'),
(13, 2, 17, '2017-07-13 05:00:00', '2017-07-13 05:00:00'),
(14, 2, 19, '2017-07-13 05:00:00', '2017-07-13 05:00:00'),
(15, 2, 20, '2017-07-13 05:00:00', '2017-07-13 05:00:00'),
(16, 2, 21, '2017-07-13 05:00:00', '2017-07-13 05:00:00'),
(17, 2, 22, '2017-07-13 05:00:00', '2017-07-13 05:00:00'),
(18, 2, 23, '2017-07-13 05:00:00', '2017-07-13 05:00:00'),
(19, 2, 25, '2017-07-13 05:00:00', '2017-07-13 05:00:00'),
(20, 2, 26, '2017-07-13 05:00:00', '2017-07-13 05:00:00'),
(21, 2, 27, '2017-07-13 05:00:00', '2017-07-13 05:00:00'),
(22, 2, 28, '2017-07-13 05:00:00', '2017-07-13 05:00:00'),
(23, 2, 29, '2017-07-13 05:00:00', '2017-07-13 05:00:00'),
(24, 2, 50, '2017-07-13 05:00:00', '2017-07-13 05:00:00'),
(25, 2, 52, '2017-07-13 05:00:00', '2017-07-13 05:00:00'),
(26, 2, 53, '2017-07-13 05:00:00', '2017-07-13 05:00:00'),
(27, 2, 54, '2017-07-13 05:00:00', '2017-07-13 05:00:00'),
(28, 2, 57, '2017-07-13 05:00:00', '2017-07-13 05:00:00'),
(29, 2, 58, '2017-07-13 05:00:00', '2017-07-13 05:00:00'),
(30, 2, 59, '2017-07-13 05:00:00', '2017-07-13 05:00:00'),
(31, 2, 60, '2017-07-13 05:00:00', '2017-07-13 05:00:00'),
(32, 2, 61, '2017-07-13 05:00:00', '2017-07-13 05:00:00'),
(33, 2, 62, '2017-07-13 05:00:00', '2017-07-13 05:00:00'),
(34, 2, 63, '2017-07-13 05:00:00', '2017-07-13 05:00:00'),
(35, 2, 64, '2017-07-13 05:00:00', '2017-07-13 05:00:00'),
(36, 2, 65, '2017-07-13 05:00:00', '2017-07-13 05:00:00'),
(37, 2, 67, '2017-07-13 05:00:00', '2017-07-13 05:00:00'),
(38, 2, 68, '2017-07-13 05:00:00', '2017-07-13 05:00:00'),
(39, 2, 74, '2017-07-13 05:00:00', '2017-07-13 05:00:00'),
(40, 2, 78, '2017-07-13 05:00:00', '2017-07-13 05:00:00'),
(41, 2, 79, '2017-07-13 05:00:00', '2017-07-13 05:00:00'),
(42, 2, 81, '2017-07-13 05:00:00', '2017-07-13 05:00:00'),
(43, 2, 86, '2017-07-13 05:00:00', '2017-07-13 05:00:00'),
(44, 2, 87, '2017-07-13 05:00:00', '2017-07-13 05:00:00'),
(45, 2, 90, '2017-07-13 05:00:00', '2017-07-13 05:00:00'),
(46, 2, 91, '2017-07-13 05:00:00', '2017-07-13 05:00:00'),
(47, 2, 92, '2017-07-13 05:00:00', '2017-07-13 05:00:00'),
(48, 2, 93, '2017-07-13 05:00:00', '2017-07-13 05:00:00'),
(49, 1, 96, '2017-07-13 05:00:00', '2017-08-20 02:05:33'),
(50, 3, 16, '2017-07-13 05:00:00', '2017-07-13 05:00:00'),
(51, 3, 30, '2017-07-13 05:00:00', '2017-07-13 05:00:00'),
(52, 3, 32, '2017-07-13 05:00:00', '2017-07-13 05:00:00'),
(53, 3, 33, '2017-07-13 05:00:00', '2017-07-13 05:00:00'),
(54, 3, 34, '2017-07-13 05:00:00', '2017-07-13 05:00:00'),
(55, 3, 35, '2017-07-13 05:00:00', '2017-07-13 05:00:00'),
(56, 3, 37, '2017-07-13 05:00:00', '2017-07-13 05:00:00'),
(57, 3, 38, '2017-07-13 05:00:00', '2017-07-13 05:00:00'),
(58, 3, 39, '2017-07-13 05:00:00', '2017-07-13 05:00:00'),
(59, 3, 42, '2017-07-13 05:00:00', '2017-07-13 05:00:00'),
(60, 3, 43, '2017-07-13 05:00:00', '2017-07-13 05:00:00'),
(61, 3, 44, '2017-07-13 05:00:00', '2017-07-13 05:00:00'),
(62, 3, 45, '2017-07-13 05:00:00', '2017-07-13 05:00:00'),
(63, 3, 46, '2017-07-13 05:00:00', '2017-07-13 05:00:00'),
(64, 3, 47, '2017-07-13 05:00:00', '2017-07-13 05:00:00'),
(65, 3, 48, '2017-07-13 05:00:00', '2017-07-13 05:00:00'),
(66, 3, 49, '2017-07-13 05:00:00', '2017-07-13 05:00:00'),
(67, 3, 95, '2017-07-13 05:00:00', '2017-07-13 05:00:00'),
(68, 1, 96, '2017-07-13 05:00:00', '2017-08-20 02:05:33'),
(69, 4, 24, '2017-07-13 05:00:00', '2017-07-13 05:00:00'),
(70, 4, 31, '2017-07-13 05:00:00', '2017-07-13 05:00:00'),
(71, 4, 69, '2017-07-13 05:00:00', '2017-07-13 05:00:00'),
(72, 4, 70, '2017-07-13 05:00:00', '2017-07-13 05:00:00'),
(73, 4, 71, '2017-07-13 05:00:00', '2017-07-13 05:00:00'),
(74, 4, 72, '2017-07-13 05:00:00', '2017-07-13 05:00:00'),
(75, 4, 73, '2017-07-13 05:00:00', '2017-07-13 05:00:00'),
(76, 4, 75, '2017-07-13 05:00:00', '2017-07-13 05:00:00'),
(77, 4, 76, '2017-07-13 05:00:00', '2017-07-13 05:00:00'),
(78, 4, 82, '2017-07-13 05:00:00', '2017-07-13 05:00:00'),
(79, 4, 83, '2017-07-13 05:00:00', '2017-07-13 05:00:00'),
(80, 4, 84, '2017-07-13 05:00:00', '2017-07-13 05:00:00'),
(81, 4, 85, '2017-07-13 05:00:00', '2017-07-13 05:00:00'),
(82, 4, 94, '2017-07-13 05:00:00', '2017-07-13 05:00:00'),
(83, 5, 77, '2017-07-13 05:00:00', '2017-07-13 05:00:00'),
(84, 5, 80, '2017-07-13 05:00:00', '2017-07-13 05:00:00'),
(85, 5, 88, '2017-07-13 05:00:00', '2017-07-19 23:19:14'),
(86, 5, 89, '2017-07-13 05:00:00', '2017-07-19 23:19:14'),
(87, 1, 10, '2017-07-13 05:00:00', '2017-07-13 05:00:00'),
(88, 1, 13, '2017-07-13 05:00:00', '2017-07-13 05:00:00'),
(89, 1, 14, '2017-07-13 05:00:00', '2017-07-13 05:00:00'),
(90, 1, 18, '2017-07-13 05:00:00', '2017-07-13 05:00:00'),
(91, 1, 36, '2017-07-13 05:00:00', '2017-07-13 05:00:00'),
(92, 1, 40, '2017-07-13 05:00:00', '2017-07-13 05:00:00'),
(93, 1, 41, '2017-07-13 05:00:00', '2017-07-13 05:00:00'),
(94, 1, 51, '2017-07-13 05:00:00', '2017-07-13 05:00:00'),
(95, 1, 55, '2017-07-13 05:00:00', '2017-07-13 05:00:00'),
(96, 1, 56, '2017-07-13 05:00:00', '2017-07-13 05:00:00'),
(97, 1, 66, '2017-07-13 05:00:00', '2017-07-13 05:00:00'),
(98, 1, 97, '0000-00-00 00:00:00', '0000-00-00 00:00:00'),
(99, 1, 98, '0000-00-00 00:00:00', '0000-00-00 00:00:00'),
(100, 1, 99, '0000-00-00 00:00:00', '0000-00-00 00:00:00'),
(101, 1, 100, '0000-00-00 00:00:00', '0000-00-00 00:00:00'),
(102, 1, 101, '0000-00-00 00:00:00', '0000-00-00 00:00:00'),
(103, 1, 102, '0000-00-00 00:00:00', '0000-00-00 00:00:00'),
(104, 1, 103, '2017-10-25 20:33:47', '0000-00-00 00:00:00'),
(105, 1, 104, '2017-10-25 20:33:47', '0000-00-00 00:00:00'),
(106, 1, 107, '2017-10-25 20:41:59', '0000-00-00 00:00:00'),
(107, 1, 108, '2017-10-25 20:42:00', '0000-00-00 00:00:00'),
(108, 1, 109, '2017-10-25 20:42:00', '0000-00-00 00:00:00'),
(109, 1, 110, '2017-10-25 20:47:31', '0000-00-00 00:00:00'),
(110, 1, 111, '2017-10-25 21:00:15', '0000-00-00 00:00:00'),
(111, 1, 112, '2017-10-25 21:08:00', '0000-00-00 00:00:00'),
(112, 1, 113, '2017-10-25 21:16:18', '0000-00-00 00:00:00'),
(113, 1, 114, '2017-10-25 21:27:48', '0000-00-00 00:00:00');

-- --------------------------------------------------------

--
-- Estructura de tabla para la tabla `rel_services_resp`
--

CREATE TABLE `rel_services_resp` (
  `id` int(11) NOT NULL,
  `id_service` int(11) NOT NULL,
  `empresa_resp` varchar(255) NOT NULL,
  `tipo_rel_resp` varchar(255) NOT NULL,
  `responsable` varchar(255) NOT NULL,
  `empresa_sol` varchar(255) NOT NULL,
  `tipo_rel_sol` varchar(255) NOT NULL,
  `solicitante` varchar(255) NOT NULL,
  `created_at` timestamp NOT NULL DEFAULT CURRENT_TIMESTAMP ON UPDATE CURRENT_TIMESTAMP,
  `updated_at` timestamp NOT NULL DEFAULT '0000-00-00 00:00:00'
) ENGINE=InnoDB DEFAULT CHARSET=latin1;

--
-- Volcado de datos para la tabla `rel_services_resp`
--

INSERT INTO `rel_services_resp` (`id`, `id_service`, `empresa_resp`, `tipo_rel_resp`, `responsable`, `empresa_sol`, `tipo_rel_sol`, `solicitante`, `created_at`, `updated_at`) VALUES
(1, 5, 'Cuarto de kilo', 'Departamento', 'ADMON Y FINANZAS', 'Cuarto de kilo', 'Empresa', 'Cuarto de kilo', '2018-03-12 15:30:34', '2018-03-09 21:26:34'),
(2, 7, 'Cuarto de kilo', 'Subdepartamento', 'PRESIDENCIA', 'Cuarto de kilo', 'Empresa', 'Cuarto de kilo', '2018-03-12 15:30:39', '2018-03-09 21:26:57'),
(3, 7, 'Cuarto de kilo', 'Puesto', 'ANALISTA DE BURO DE CREDITO', 'Cuarto de kilo', 'Empresa', 'Cuarto de kilo', '2018-03-12 15:19:36', '2018-03-09 21:27:28'),
(7, 16, 'Cuarto de kilo', 'Empresa', 'Cuarto de kilo', 'Cuarto de kilo', 'Subdepartamento', 'ALIANZAS', '2018-03-12 15:19:29', '2018-03-09 23:39:42'),
(8, 12, '1', 'Empresa', 'Cuarto de kilo', 'Cuarto de kilo', 'Departamento', 'PROMOCION EMPRESARIAL', '2018-03-12 15:18:57', '2018-03-09 23:41:04'),
(9, 14, 'Cuarto de kilo', 'Empresa', 'Cuarto de kilo', 'Cuarto de kilo', 'Puesto', 'TECNOLOGIAS DE LA INFORMACION', '2018-03-12 15:19:24', '2018-03-09 23:42:51'),
(10, 12, 'Cuarto de kilo', 'Usuario', '1', 'Cuarto de kilo', 'Empresa', 'Cuarto de kilo', '2018-03-12 15:19:20', '2018-03-10 01:06:38'),
(11, 7, 'Alferza', 'Puesto', 'ANALISTA DE BURO DE CREDITO', 'Cuarto de kilo', 'Puesto', 'ANALISTA DE BURO DE CREDITO', '2018-03-12 21:18:16', '2018-03-12 21:18:16');

-- --------------------------------------------------------

--
-- Estructura de tabla para la tabla `services`
--

CREATE TABLE `services` (
  `id` int(10) UNSIGNED NOT NULL,
  `tipo` varchar(255) COLLATE utf8mb4_unicode_ci DEFAULT 'NA',
  `subtipo` varchar(255) COLLATE utf8mb4_unicode_ci DEFAULT 'NA',
  `descripcion` varchar(255) COLLATE utf8mb4_unicode_ci DEFAULT NULL,
  `comentarios` varchar(255) COLLATE utf8mb4_unicode_ci DEFAULT NULL,
  `cantidad` varchar(255) COLLATE utf8mb4_unicode_ci NOT NULL,
  `created_at` timestamp NULL DEFAULT NULL,
  `updated_at` timestamp NULL DEFAULT NULL
) ENGINE=InnoDB DEFAULT CHARSET=utf8mb4 COLLATE=utf8mb4_unicode_ci;

--
-- Volcado de datos para la tabla `services`
--

INSERT INTO `services` (`id`, `tipo`, `subtipo`, `descripcion`, `comentarios`, `cantidad`, `created_at`, `updated_at`) VALUES
(5, 'Mantenimiento', 'Decoracion', 'adsfasdf', 'asdfadsf', 'Si', '2018-02-26 21:28:26', '2018-02-26 21:28:26'),
(6, 'No Aplica', 'No Aplica', 'fasdfasd', NULL, 'Si', '2018-02-26 21:34:21', '2018-02-26 21:34:21'),
(7, 'Mantenimiento', 'Mobiliario', 'Sillas', 'la sillas se prestan 2 dias antes', 'Si', '2018-02-26 22:11:38', '2018-03-08 01:16:16'),
(9, 'No Aplica', 'No Aplica', 'sfasdfads', 'asdfasd', 'Si', '2018-02-26 22:24:16', '2018-02-26 22:24:16'),
(10, 'Mantenimiento', 'Mobiliario', 'Mesas', NULL, 'Si', '2018-02-27 00:06:52', '2018-02-27 00:06:52'),
(11, 'No Aplica', 'No Aplica', 'Manteleria', 'manteles sillas rectangular', 'Si', '2018-02-27 00:20:09', '2018-02-27 00:20:09'),
(12, 'No Aplica', 'No Aplica', 'Manteleria', 'manteles sillas rectangular', 'Si', '2018-02-27 00:20:23', '2018-02-27 00:20:23'),
(13, 'No Aplica', 'No Aplica', 'dasdfasdfasdf', 'fasdfadf', 'Si', '2018-02-27 00:20:37', '2018-02-27 00:20:37'),
(14, 'No Aplica', 'No Aplica', 'dasdfasdfasdf', 'fasdfadf', 'Si', '2018-02-27 00:28:43', '2018-02-27 00:28:43'),
(16, 'No Aplica', 'No Aplica', 'asdfasdfasdf', 'sdfasdf', 'Si', '2018-02-27 00:40:42', '2018-02-27 00:40:42'),
(17, 'No Aplica', 'No Aplica', 'pruebas', 'sdfasdf', 'Si', '2018-02-27 00:43:28', '2018-02-27 00:43:28'),
(18, 'No Aplica', 'No Aplica', 'Mesas', NULL, 'Si', '2018-02-27 03:39:16', '2018-02-27 03:39:16'),
(19, 'No Aplica', 'No Aplica', 'mesas tipo circular', NULL, 'Si', '2018-02-27 04:02:44', '2018-02-27 04:02:44'),
(20, 'No Aplica', 'No Aplica', 'asdfasdfasdfasd', NULL, 'Si', '2018-02-27 04:03:03', '2018-02-27 04:03:03'),
(21, 'No Aplica', 'No Aplica', 'Esto es una prueba', NULL, 'No', '2018-03-01 04:57:58', '2018-03-01 04:57:58'),
(22, 'No Aplica', 'No Aplica', 'Nota de remision', NULL, 'No', '2018-03-05 21:56:37', '2018-03-05 21:56:37'),
(23, 'No Aplica', 'No Aplica', 'Carta de recomendacion', 'Mandar nombre completo', 'No', '2018-03-06 05:06:25', '2018-03-06 05:06:25'),
(24, 'No Aplica', 'No Aplica', 'Esta es una prueba con el diseño', 'probando', 'No', '2018-03-07 05:16:04', '2018-03-07 05:16:04'),
(25, 'Mercadotecnia', 'Compras', 'Prueba nuevas categorias', NULL, 'No', '2018-03-07 21:59:41', '2018-03-07 21:59:41'),
(26, NULL, NULL, 'otra prueba ale', NULL, 'No', '2018-03-07 22:00:16', '2018-03-07 22:00:16'),
(27, 'Pruebas', 'prueba sub', 'alegalan', NULL, 'No', '2018-03-07 22:02:36', '2018-03-07 22:02:36'),
(28, 'No Aplica', 'No Aplica', 'Sillas', 'la sillas se prestan 2 dias antes', 'Si', '2018-03-08 00:31:41', '2018-03-08 00:31:41'),
(29, 'Recursos Humanos', 'RH', 'carta de recomendacion', 'Pasar nombre completo', 'No', '2018-03-21 00:30:10', '2018-03-21 00:30:10');

-- --------------------------------------------------------

--
-- Estructura de tabla para la tabla `users`
--

CREATE TABLE `users` (
  `id` int(10) UNSIGNED NOT NULL,
  `first_name` varchar(255) COLLATE utf8mb4_unicode_ci NOT NULL,
  `last_name` varchar(255) COLLATE utf8mb4_unicode_ci NOT NULL,
  `email` varchar(255) COLLATE utf8mb4_unicode_ci NOT NULL,
  `password` varchar(255) COLLATE utf8mb4_unicode_ci NOT NULL,
  `remember_token` varchar(100) COLLATE utf8mb4_unicode_ci DEFAULT NULL,
  `telephone` varchar(255) COLLATE utf8mb4_unicode_ci NOT NULL,
  `role` varchar(255) COLLATE utf8mb4_unicode_ci NOT NULL,
  `active` int(11) NOT NULL,
  `started_at` date NOT NULL,
  `birthdate` date NOT NULL,
  `position_id` varchar(255) COLLATE utf8mb4_unicode_ci NOT NULL,
  `function_id` varchar(255) COLLATE utf8mb4_unicode_ci NOT NULL,
  `div_id` varchar(255) COLLATE utf8mb4_unicode_ci NOT NULL,
  `subdiv_id` varchar(255) COLLATE utf8mb4_unicode_ci NOT NULL,
  `org_uni_id` varchar(255) COLLATE utf8mb4_unicode_ci NOT NULL,
  `pers_group_id` varchar(255) COLLATE utf8mb4_unicode_ci NOT NULL,
  `area_id` varchar(255) COLLATE utf8mb4_unicode_ci NOT NULL,
  `boss_id` int(11) NOT NULL,
  `manager_id` int(11) NOT NULL,
  `rfc` varchar(255) COLLATE utf8mb4_unicode_ci NOT NULL,
  `employee_number` varchar(255) COLLATE utf8mb4_unicode_ci NOT NULL,
  `type_employee` varchar(255) COLLATE utf8mb4_unicode_ci NOT NULL,
  `company` varchar(255) COLLATE utf8mb4_unicode_ci NOT NULL,
  `workstation` varchar(255) COLLATE utf8mb4_unicode_ci NOT NULL,
  `division` varchar(255) COLLATE utf8mb4_unicode_ci NOT NULL,
  `subdivision` varchar(255) COLLATE utf8mb4_unicode_ci NOT NULL,
  `organizational_unit` varchar(255) COLLATE utf8mb4_unicode_ci NOT NULL,
  `curp` varchar(255) COLLATE utf8mb4_unicode_ci NOT NULL,
  `created_at` timestamp NULL DEFAULT NULL,
  `updated_at` timestamp NULL DEFAULT NULL
) ENGINE=InnoDB DEFAULT CHARSET=utf8mb4 COLLATE=utf8mb4_unicode_ci;

--
-- Volcado de datos para la tabla `users`
--

INSERT INTO `users` (`id`, `first_name`, `last_name`, `email`, `password`, `remember_token`, `telephone`, `role`, `active`, `started_at`, `birthdate`, `position_id`, `function_id`, `div_id`, `subdiv_id`, `org_uni_id`, `pers_group_id`, `area_id`, `boss_id`, `manager_id`, `rfc`, `employee_number`, `type_employee`, `company`, `workstation`, `division`, `subdivision`, `organizational_unit`, `curp`, `created_at`, `updated_at`) VALUES
(1, 'Alejandra Concepcion', 'Galan Cortes', 'alegalan92@gmail.com', '$2y$10$1PJyOkuZEG2Lfjs7yec8suFAoRz5HvjzqAL7Bwqzo99mNdfs6iUd6', 'gQD6rPFhXU5HJotnLkpTo4L0nG9k3Z503dVMChhfOqgxD3PgL4uweltBYR2h', '3315712422', '1', 1, '2018-02-15', '1992-03-12', '1', '1', '1', '1', '1', '1', '1', 1, 1, 'GACA920312PH1', '1', '1', 'Cuarto de kilo', 'TECNOLOGIAS DE LA INFORMACION', 'PROMOCION EMPRESARIAL', 'ALIANZAS', '1', 'GACA920312PH3MJCLRL05', '2018-02-20 23:45:15', '2018-02-20 23:45:15');

--
-- Índices para tablas volcadas
--

--
-- Indices de la tabla `cat_empresas`
--
ALTER TABLE `cat_empresas`
  ADD PRIMARY KEY (`id`);

--
-- Indices de la tabla `company_records`
--
ALTER TABLE `company_records`
  ADD PRIMARY KEY (`id`);

--
-- Indices de la tabla `eventos`
--
ALTER TABLE `eventos`
  ADD PRIMARY KEY (`id_evento`),
  ADD KEY `eventos_id_usuario_foreign` (`id_usuario`);

--
-- Indices de la tabla `grupo_areas`
--
ALTER TABLE `grupo_areas`
  ADD PRIMARY KEY (`id`);

--
-- Indices de la tabla `list_users_services`
--
ALTER TABLE `list_users_services`
  ADD PRIMARY KEY (`id`),
  ADD KEY `list_users_services_id_solicitante_foreign` (`id_solicitante`);

--
-- Indices de la tabla `migrations`
--
ALTER TABLE `migrations`
  ADD PRIMARY KEY (`id`);

--
-- Indices de la tabla `password_resets`
--
ALTER TABLE `password_resets`
  ADD KEY `password_resets_email_index` (`email`(191));

--
-- Indices de la tabla `rel_services_resp`
--
ALTER TABLE `rel_services_resp`
  ADD PRIMARY KEY (`id`);

--
-- Indices de la tabla `services`
--
ALTER TABLE `services`
  ADD PRIMARY KEY (`id`);

--
-- Indices de la tabla `users`
--
ALTER TABLE `users`
  ADD PRIMARY KEY (`id`);

--
-- AUTO_INCREMENT de las tablas volcadas
--

--
-- AUTO_INCREMENT de la tabla `list_users_services`
--
ALTER TABLE `list_users_services`
  MODIFY `id` int(10) UNSIGNED NOT NULL AUTO_INCREMENT, AUTO_INCREMENT=19;
--
-- AUTO_INCREMENT de la tabla `rel_services_resp`
--
ALTER TABLE `rel_services_resp`
  MODIFY `id` int(11) NOT NULL AUTO_INCREMENT, AUTO_INCREMENT=12;
--
-- AUTO_INCREMENT de la tabla `services`
--
ALTER TABLE `services`
  MODIFY `id` int(10) UNSIGNED NOT NULL AUTO_INCREMENT, AUTO_INCREMENT=30;
/*!40101 SET CHARACTER_SET_CLIENT=@OLD_CHARACTER_SET_CLIENT */;
/*!40101 SET CHARACTER_SET_RESULTS=@OLD_CHARACTER_SET_RESULTS */;
/*!40101 SET COLLATION_CONNECTION=@OLD_COLLATION_CONNECTION */;
